"key","EN","UK","RU","ES","IT","DE","KO","NL","FR","PT","ZH_TW","ZH","PL","CS"
"option.output_container.mp3","MP3: extract audio only","MP3: витягти лише аудіо","MP3: извлечь только звук","MP3: extraer solo audio","MP3: estrai solo audio","MP3: nur Ton extrahieren","MP3: 오디오만 추출","MP3: alleen audio extraheren","MP3 : extraire l'audio seul","MP3: extrair só áudio","MP3：只擷取音訊","MP3：仅提取音频","MP3: wyodrębnij tylko dźwięk","MP3: extrahovat pouze zvuk"
"sidebar.ffmpeg_download_link","If you do not have FFmpeg, download it here","Якщо у вас немає FFmpeg, скачайте його тут","Если у вас нет FFmpeg, скачайте его тут","Si no tienes FFmpeg, descárgalo aquí","Se non hai FFmpeg, scaricalo qui","Wenn du FFmpeg nicht hast, lade es hier herunter","FFmpeg가 없으면 여기에서 다운로드하세요","Als je FFmpeg niet hebt, download het hier","Si vous n'avez pas FFmpeg, téléchargez-le ici","Se você não tem FFmpeg, baixe aqui","如果你沒有 FFmpeg，請在這裡下載","如果你没有 FFmpeg，请在这里下载","Jeśli nie masz FFmpeg, pobierz go tutaj","Pokud nemáte FFmpeg, stáhněte ho zde"
"app.title","FfmpegPyUi","FfmpegPyUi","FfmpegPyUi","FfmpegPyUi","FfmpegPyUi","FfmpegPyUi","FfmpegPyUi","FfmpegPyUi","FfmpegPyUi","FfmpegPyUi","FfmpegPyUi","FfmpegPyUi","FfmpegPyUi","FfmpegPyUi"
"sidebar.logo","FFMPEG\nFLOW","FFMPEG\nFLOW","FFMPEG\nFLOW","FFMPEG\nFLOW","FFMPEG\nFLOW","FFMPEG\nFLOW","FFMPEG\nFLOW","FFMPEG\nFLOW","FFMPEG\nFLOW","FFMPEG\nFLOW","FFMPEG\nFLOW","FFMPEG\nFLOW","FFMPEG\nFLOW","FFMPEG\nFLOW"
"sidebar.add_files","Add files","Додати файли","Добавить файлы","Agregar archivos","Aggiungi file","Dateien hinzufügen","파일 추가","Bestanden toevoegen","Ajouter des fichiers","Adicionar arquivos","新增檔案","添加文件","Dodaj pliki","Přidat soubory"
"sidebar.add_directory","Add folder","Додати папку","Добавить папку","Agregar carpeta","Aggiungi cartella","Ordner hinzufügen","폴더 추가","Map toevoegen","Ajouter un dossier","Adicionar pasta","新增資料夾","添加文件夹","Dodaj folder","Přidat složku"
"sidebar.gpu","Use NVIDIA GPU","Прискорювати на NVIDIA GPU","Ускорять на NVIDIA GPU","Usar NVIDIA GPU","Usa NVIDIA GPU","NVIDIA GPU verwenden","NVIDIA GPU 사용","NVIDIA GPU gebruiken","Utiliser le GPU NVIDIA","Usar GPU NVIDIA","使用 NVIDIA GPU","使用 NVIDIA GPU","Użyj NVIDIA GPU","Použít NVIDIA GPU"
"sidebar.gpu_help","If the video card supports NVENC, processing can be faster. Quality and file size may differ slightly.","Якщо відеокарта підтримує NVENC, обробка може бути швидшою. Якість і розмір файлу можуть трохи відрізнятися.","Если видеокарта поддерживает NVENC, обработка может идти быстрее. Качество и размер файла могут немного отличаться.","Si la tarjeta admite NVENC, el procesamiento puede ser más rápido. La calidad y el tamaño pueden variar un poco.","Se la scheda video supporta NVENC, l'elaborazione può essere più veloce. Qualità e dimensione possono variare leggermente.","Wenn die Grafikkarte NVENC unterstützt, kann die Verarbeitung schneller sein. Qualität und Dateigröße können leicht abweichen.","그래픽 카드가 NVENC를 지원하면 처리가 더 빠를 수 있습니다. 품질과 파일 크기는 조금 달라질 수 있습니다.","Als de videokaart NVENC ondersteunt, kan verwerking sneller zijn. Kwaliteit en bestandsgrootte kunnen iets verschillen.","Si la carte vidéo prend en charge NVENC, le traitement peut être plus rapide. La qualité et la taille peuvent varier légèrement.","Se a placa de vídeo oferecer NVENC, o processamento pode ser mais rápido. Qualidade e tamanho podem variar um pouco.","如果顯示卡支援 NVENC，處理可以更快。品質與檔案大小可能略有不同。","如果显卡支持 NVENC，处理可以更快。质量和文件大小可能略有不同。","Jeśli karta obsługuje NVENC, przetwarzanie może być szybsze. Jakość i rozmiar pliku mogą się nieco różnić.","Pokud karta podporuje NVENC, zpracování může být rychlejší. Kvalita a velikost souboru se mohou mírně lišit."
"sidebar.ffmpeg_path_label","FFmpeg folder","Папка FFmpeg","Папка FFmpeg","Carpeta FFmpeg","Cartella FFmpeg","FFmpeg-Ordner","FFmpeg 폴더","FFmpeg-map","Dossier FFmpeg","Pasta FFmpeg","FFmpeg 資料夾","FFmpeg 文件夹","Folder FFmpeg","Složka FFmpeg"
"sidebar.ffmpeg_path_help","Default: ./ffmpeg. Choose another folder if FFmpeg is installed elsewhere.","За замовчуванням: ./ffmpeg. Виберіть іншу папку, якщо FFmpeg встановлено в іншому місці.","По умолчанию: ./ffmpeg. Выберите другую папку, если FFmpeg установлен в другом месте.","Valor predeterminado: ./ffmpeg. Elige otra carpeta si FFmpeg está instalado en otro lugar.","Predefinita: ./ffmpeg. Scegli un'altra cartella se FFmpeg è installato altrove.","Standard: ./ffmpeg. Wähle einen anderen Ordner, wenn FFmpeg woanders installiert ist.","기본값: ./ffmpeg. FFmpeg가 다른 곳에 설치되어 있으면 다른 폴더를 선택하세요.","Standaard: ./ffmpeg. Kies een andere map als FFmpeg ergens anders is geïnstalleerd.","Par défaut : ./ffmpeg. Choisissez un autre dossier si FFmpeg est installé ailleurs.","Padrão: ./ffmpeg. Escolha outra pasta se o FFmpeg estiver instalado em outro local.","預設：./ffmpeg。如果 FFmpeg 安裝在其他位置，請選擇其他資料夾。","默认：./ffmpeg。如果 FFmpeg 安装在其他位置，请选择其他文件夹。","Domyślnie: ./ffmpeg. Wybierz inny folder, jeśli FFmpeg jest zainstalowany gdzie indziej.","Výchozí: ./ffmpeg. Pokud je FFmpeg nainstalovaný jinde, vyberte jinou složku."
"sidebar.ffmpeg_browse","Browse","Вибрати","Выбрать","Elegir","Scegli","Wählen","선택","Kiezen","Choisir","Escolher","選擇","选择","Wybierz","Vybrat"
"sidebar.ffmpeg_browse_title","Choose FFmpeg folder","Виберіть папку FFmpeg","Выберите папку FFmpeg","Elige la carpeta FFmpeg","Scegli la cartella FFmpeg","FFmpeg-Ordner wählen","FFmpeg 폴더 선택","Kies FFmpeg-map","Choisir le dossier FFmpeg","Escolha a pasta FFmpeg","選擇 FFmpeg 資料夾","选择 FFmpeg 文件夹","Wybierz folder FFmpeg","Vyberte složku FFmpeg"
"sidebar.language","Language","Мова","Язык","Idioma","Lingua","Sprache","언어","Taal","Langue","Idioma","語言","语言","Język","Jazyk"
"sidebar.queue","File queue","Черга файлів","Очередь файлов","Cola de archivos","Coda file","Dateiwarteschlange","파일 대기열","Bestandswachtrij","File d'attente","Fila de arquivos","檔案佇列","文件队列","Kolejka plików","Fronta souborů"
"sidebar.drop_hint","You can drag files here","Можна перетягнути файли сюди","Можно перетащить файлы сюда","Puedes arrastrar archivos aquí","Puoi trascinare i file qui","Dateien hierher ziehen","여기로 파일을 끌어 놓을 수 있습니다","Je kunt bestanden hierheen slepen","Vous pouvez glisser les fichiers ici","Você pode arrastar arquivos aqui","可將檔案拖曳到這裡","可以将文件拖到这里","Możesz przeciągnąć pliki tutaj","Sem můžete přetáhnout soubory"
"workflow.title","Video processing scheme","Схема обробки відео","Схема обработки видео","Esquema de procesamiento de video","Schema di elaborazione video","Videoverarbeitungsschema","비디오 처리 구성","Videobewerkingsschema","Schéma de traitement vidéo","Esquema de processamento de vídeo","影片處理方案","视频处理方案","Schemat przetwarzania wideo","Schéma zpracování videa"
"workflow.subtitle","One settings flow instead of technical presets. Choose a scheme, adjust parameters, and start processing.","Один потік налаштувань замість технічних пресетів. Виберіть схему, змініть параметри й запустіть обробку.","Один поток настроек вместо набора технических пресетов. Выберите схему, измените параметры и запустите обработку.","Un flujo de ajustes en lugar de presets técnicos. Elige un esquema, ajusta parámetros e inicia el proceso.","Un unico flusso di impostazioni invece di preset tecnici. Scegli uno schema, modifica i parametri e avvia.","Ein Einstellungsablauf statt technischer Presets. Schema wählen, Parameter anpassen und starten.","기술 프리셋 대신 하나의 설정 흐름입니다. 구성을 선택하고 값을 조정한 뒤 시작하세요.","Een instellingenstroom in plaats van technische presets. Kies een schema, pas parameters aan en start.","Un flux de réglages au lieu de préréglages techniques. Choisissez un schéma, ajustez et lancez.","Um fluxo de configurações em vez de predefinições técnicas. Escolha um esquema, ajuste e inicie.","用一套設定流程取代技術預設。選擇方案、調整參數後開始處理。","用一套设置流程代替技术预设。选择方案、调整参数后开始处理。","Jeden przepływ ustawień zamiast technicznych presetów. Wybierz schemat, zmień parametry i uruchom.","Jeden tok nastavení místo technických presetů. Vyberte schéma, upravte parametry a spusťte."
"workflow.scheme_label","Scheme","Схема","Схема","Esquema","Schema","Schema","구성","Schema","Schéma","Esquema","方案","方案","Schemat","Schéma"
"workflow.load_scheme","Load","Завантажити","Загрузить","Cargar","Carica","Laden","불러오기","Laden","Charger","Carregar","載入","加载","Wczytaj","Načíst"
"workflow.save_scheme","Save scheme","Зберегти схему","Сохранить схему","Guardar esquema","Salva schema","Schema speichern","구성 저장","Schema opslaan","Enregistrer le schéma","Salvar esquema","儲存方案","保存方案","Zapisz schemat","Uložit schéma"
"workflow.delete_scheme","Delete scheme","Видалити схему","Удалить схему","Eliminar esquema","Elimina schema","Schema löschen","구성 삭제","Schema verwijderen","Supprimer le schéma","Excluir esquema","刪除方案","删除方案","Usuń schemat","Smazat schéma"
"workflow.reset_scheme","Reset","Скинути","Сбросить","Restablecer","Reimposta","Zurücksetzen","초기화","Resetten","Réinitialiser","Redefinir","重設","重置","Resetuj","Resetovat"
"workflow.run","Start processing","Запустити обробку","Запустить обработку","Iniciar procesamiento","Avvia elaborazione","Verarbeitung starten","처리 시작","Verwerking starten","Lancer le traitement","Iniciar processamento","開始處理","开始处理","Rozpocznij przetwarzanie","Spustit zpracování"
"workflow.save_prompt_title","Save scheme","Зберегти схему","Сохранить схему","Guardar esquema","Salva schema","Schema speichern","구성 저장","Schema opslaan","Enregistrer le schéma","Salvar esquema","儲存方案","保存方案","Zapisz schemat","Uložit schéma"
"workflow.save_prompt","Scheme name:","Назва схеми:","Название схемы:","Nombre del esquema:","Nome schema:","Schemaname:","구성 이름:","Schemanaam:","Nom du schéma :","Nome do esquema:","方案名稱：","方案名称：","Nazwa schematu:","Název schématu:"
"workflow.save_name_conflict","This name is used by a built-in scheme. Choose another name.","Ця назва зайнята вбудованою схемою. Виберіть іншу назву.","Такое имя занято встроенной схемой. Выберите другое название.","Ese nombre pertenece a un esquema integrado. Elige otro.","Questo nome è usato da uno schema integrato. Scegline un altro.","Dieser Name gehört zu einem integrierten Schema. Bitte einen anderen wählen.","이 이름은 기본 구성에서 사용 중입니다. 다른 이름을 선택하세요.","Deze naam hoort bij een ingebouwd schema. Kies een andere naam.","Ce nom est utilisé par un schéma intégré. Choisissez-en un autre.","Esse nome é usado por um esquema interno. Escolha outro.","此名稱已被內建方案使用，請選擇其他名稱。","此名称已被内置方案使用，请选择其他名称。","Ta nazwa jest używana przez wbudowany schemat. Wybierz inną.","Tento název používá vestavěné schéma. Zvolte jiný."
"workflow.delete_title","Delete scheme","Видалити схему","Удалить схему","Eliminar esquema","Elimina schema","Schema löschen","구성 삭제","Schema verwijderen","Supprimer le schéma","Excluir esquema","刪除方案","删除方案","Usuń schemat","Smazat schéma"
"workflow.delete_builtin","Built-in schemes cannot be deleted.","Вбудовану схему не можна видалити.","Встроенную схему удалить нельзя.","No se pueden eliminar los esquemas integrados.","Gli schemi integrati non possono essere eliminati.","Integrierte Schemas können nicht gelöscht werden.","기본 구성은 삭제할 수 없습니다.","Ingebouwde schema's kunnen niet worden verwijderd.","Les schémas intégrés ne peuvent pas être supprimés.","Esquemas internos não podem ser excluídos.","無法刪除內建方案。","无法删除内置方案。","Nie można usunąć wbudowanych schematów.","Vestavěná schémata nelze smazat."
"workflow.delete_confirm","Delete saved scheme '{name}'?","Видалити збережену схему '{name}'?","Удалить сохраненную схему '{name}'?","¿Eliminar el esquema guardado '{name}'?","Eliminare lo schema salvato '{name}'?","Gespeichertes Schema '{name}' löschen?","저장된 구성 '{name}'을 삭제할까요?","Opgeslagen schema '{name}' verwijderen?","Supprimer le schéma enregistré '{name}' ?","Excluir o esquema salvo '{name}'?","刪除已儲存的方案 '{name}'？","删除已保存的方案 '{name}'？","Usunąć zapisany schemat '{name}'?","Smazat uložené schéma '{name}'?"
"workflow.no_files_title","No files","Немає файлів","Нет файлов","Sin archivos","Nessun file","Keine Dateien","파일 없음","Geen bestanden","Aucun fichier","Sem arquivos","沒有檔案","没有文件","Brak plików","Žádné soubory"
"workflow.no_files","Add video files to the queue before starting.","Додайте відеофайли в чергу перед запуском.","Добавьте видеофайлы в очередь перед запуском.","Agrega videos a la cola antes de iniciar.","Aggiungi video alla coda prima di avviare.","Fügen Sie vor dem Start Videodateien zur Warteschlange hinzu.","시작 전에 비디오 파일을 대기열에 추가하세요.","Voeg videobestanden toe aan de wachtrij voordat je start.","Ajoutez des vidéos à la file avant de lancer.","Adicione vídeos à fila antes de iniciar.","開始前請先將影片加入佇列。","开始前请先将视频加入队列。","Dodaj pliki wideo do kolejki przed uruchomieniem.","Před spuštěním přidejte videa do fronty."
"workflow.no_commands_title","No commands","Немає команд","Нет команд","Sin comandos","Nessun comando","Keine Befehle","명령 없음","Geen opdrachten","Aucune commande","Sem comandos","沒有命令","没有命令","Brak poleceń","Žádné příkazy"
"workflow.no_commands","Could not build processing commands. Check the scheme parameters.","Не вдалося зібрати команди обробки. Перевірте параметри схеми.","Не удалось собрать команды обработки. Проверьте параметры схемы.","No se pudieron crear los comandos. Revisa los parámetros.","Impossibile creare i comandi. Controlla i parametri.","Befehle konnten nicht erstellt werden. Prüfen Sie die Parameter.","처리 명령을 만들 수 없습니다. 구성 값을 확인하세요.","Kon verwerkingsopdrachten niet maken. Controleer de parameters.","Impossible de créer les commandes. Vérifiez les paramètres.","Não foi possível montar os comandos. Verifique os parâmetros.","無法建立處理命令，請檢查方案參數。","无法建立处理命令，请检查方案参数。","Nie udało się zbudować poleceń. Sprawdź parametry.","Nepodařilo se sestavit příkazy. Zkontrolujte parametry."
"crop.preview_title","Visual crop check","Візуальна перевірка обрізки","Визуальная проверка обрезки","Revisión visual del recorte","Controllo visivo ritaglio","Visuelle Zuschnittprüfung","시각적 자르기 확인","Visuele bijsnijcontrole","Contrôle visuel du recadrage","Verificação visual do corte","視覺裁切檢查","可视化裁剪检查","Wizualna kontrola kadru","Vizuální kontrola ořezu"
"crop.preview_random_frame","Another frame","Інший кадр","Другой кадр","Otro fotograma","Altro fotogramma","Anderer Frame","다른 프레임","Ander frame","Autre image","Outro quadro","其他影格","其他帧","Inna klatka","Jiný snímek"
"crop.preview_no_file","Add a video to see the real frame proportions. A 1920x1080 example is used for now.","Додайте відео, щоб побачити реальні пропорції кадру. Поки використовується приклад 1920x1080.","Добавьте видео, чтобы увидеть пропорции реального кадра. Пока используется пример 1920x1080.","Agrega un video para ver las proporciones reales. Por ahora se usa 1920x1080.","Aggiungi un video per vedere le proporzioni reali. Per ora si usa 1920x1080.","Fügen Sie ein Video hinzu, um echte Proportionen zu sehen. Aktuell wird 1920x1080 genutzt.","실제 프레임 비율을 보려면 비디오를 추가하세요. 지금은 1920x1080 예시를 사용합니다.","Voeg een video toe om echte verhoudingen te zien. Nu wordt 1920x1080 gebruikt.","Ajoutez une vidéo pour voir les proportions réelles. 1920x1080 est utilisé pour l'instant.","Adicione um vídeo para ver as proporções reais. Por enquanto usa 1920x1080.","加入影片即可查看實際影格比例。目前使用 1920x1080 範例。","添加视频即可查看实际画面比例。目前使用 1920x1080 示例。","Dodaj wideo, aby zobaczyć prawdziwe proporcje. Teraz użyto 1920x1080.","Přidejte video pro skutečné proporce. Zatím se používá 1920x1080."
"crop.preview_info","Source: {source_w}x{source_h}. After crop: {crop_w}x{crop_h}. Removed: left {left}, right {right}, top {top}, bottom {bottom}.","Джерело: {source_w}x{source_h}. Після обрізки: {crop_w}x{crop_h}. Видаляється: зліва {left}, справа {right}, зверху {top}, знизу {bottom}.","Исходник: {source_w}x{source_h}. После обрезки: {crop_w}x{crop_h}. Удаляется: слева {left}, справа {right}, сверху {top}, снизу {bottom}.","Origen: {source_w}x{source_h}. Tras recorte: {crop_w}x{crop_h}. Quita: izquierda {left}, derecha {right}, arriba {top}, abajo {bottom}.","Sorgente: {source_w}x{source_h}. Dopo ritaglio: {crop_w}x{crop_h}. Rimosso: sinistra {left}, destra {right}, alto {top}, basso {bottom}.","Quelle: {source_w}x{source_h}. Nach Zuschnitt: {crop_w}x{crop_h}. Entfernt: links {left}, rechts {right}, oben {top}, unten {bottom}.","원본: {source_w}x{source_h}. 자른 후: {crop_w}x{crop_h}. 제거: 왼쪽 {left}, 오른쪽 {right}, 위 {top}, 아래 {bottom}.","Bron: {source_w}x{source_h}. Na bijsnijden: {crop_w}x{crop_h}. Verwijderd: links {left}, rechts {right}, boven {top}, onder {bottom}.","Source : {source_w}x{source_h}. Après recadrage : {crop_w}x{crop_h}. Retiré : gauche {left}, droite {right}, haut {top}, bas {bottom}.","Origem: {source_w}x{source_h}. Após corte: {crop_w}x{crop_h}. Removido: esquerda {left}, direita {right}, topo {top}, baixo {bottom}.","來源：{source_w}x{source_h}。裁切後：{crop_w}x{crop_h}。移除：左 {left}、右 {right}、上 {top}、下 {bottom}。","源：{source_w}x{source_h}。裁剪后：{crop_w}x{crop_h}。移除：左 {left}、右 {right}、上 {top}、下 {bottom}。","Źródło: {source_w}x{source_h}. Po przycięciu: {crop_w}x{crop_h}. Usunięto: lewo {left}, prawo {right}, góra {top}, dół {bottom}.","Zdroj: {source_w}x{source_h}. Po ořezu: {crop_w}x{crop_h}. Odstraněno: vlevo {left}, vpravo {right}, nahoře {top}, dole {bottom}."
"trim.preview_title","Visual time trim","Візуальна обрізка за часом","Визуальная обрезка по времени","Recorte temporal visual","Taglio temporale visivo","Visueller Zeit-Schnitt","시각적 시간 자르기","Visueel knippen op tijd","Coupe temporelle visuelle","Corte visual por tempo","視覺時間剪裁","可视化时间裁剪","Wizualne przycinanie czasu","Vizuální časový střih"
"trim.preview_no_file","Add a video to use its real duration. A 60 second example is used for now.","Додайте відео, щоб використати його реальну тривалість. Поки використовується приклад 60 секунд.","Добавьте видео, чтобы использовать его реальную длительность. Пока используется пример 60 секунд.","Agrega un video para usar su duración real. Por ahora se usa un ejemplo de 60 segundos.","Aggiungi un video per usare la durata reale. Per ora si usa un esempio di 60 secondi.","Fügen Sie ein Video hinzu, um seine echte Dauer zu nutzen. Aktuell wird ein 60-Sekunden-Beispiel verwendet.","실제 길이를 사용하려면 비디오를 추가하세요. 지금은 60초 예시를 사용합니다.","Voeg een video toe om de echte duur te gebruiken. Nu wordt een voorbeeld van 60 seconden gebruikt.","Ajoutez une vidéo pour utiliser sa durée réelle. Un exemple de 60 secondes est utilisé pour l'instant.","Adicione um vídeo para usar a duração real. Por enquanto usa um exemplo de 60 segundos.","加入影片即可使用實際長度。目前使用 60 秒範例。","添加视频即可使用实际时长。目前使用 60 秒示例。","Dodaj wideo, aby użyć prawdziwej długości. Teraz użyto przykładu 60 sekund.","Přidejte video pro skutečnou délku. Zatím se používá příklad 60 sekund."
"trim.preview_info","Trimmed: start {start_seconds}s ({start_frames} frames), end {end_seconds}s ({end_frames} frames). Kept: {keep_seconds}s.","Обрізано: початок {start_seconds}с ({start_frames} кадрів), кінець {end_seconds}с ({end_frames} кадрів). Залишається: {keep_seconds}с.","Обрезано: начало {start_seconds}с ({start_frames} кадров), конец {end_seconds}с ({end_frames} кадров). Остается: {keep_seconds}с.","Recorte: inicio {start_seconds}s ({start_frames} fotogramas), final {end_seconds}s ({end_frames} fotogramas). Queda: {keep_seconds}s.","Taglio: inizio {start_seconds}s ({start_frames} fotogrammi), fine {end_seconds}s ({end_frames} fotogrammi). Resta: {keep_seconds}s.","Schnitt: Anfang {start_seconds}s ({start_frames} Frames), Ende {end_seconds}s ({end_frames} Frames). Übrig: {keep_seconds}s.","자름: 시작 {start_seconds}초({start_frames}프레임), 끝 {end_seconds}초({end_frames}프레임). 남음: {keep_seconds}초.","Geknipt: begin {start_seconds}s ({start_frames} frames), einde {end_seconds}s ({end_frames} frames). Over: {keep_seconds}s.","Coupé : début {start_seconds}s ({start_frames} images), fin {end_seconds}s ({end_frames} images). Gardé : {keep_seconds}s.","Cortado: início {start_seconds}s ({start_frames} quadros), fim {end_seconds}s ({end_frames} quadros). Mantido: {keep_seconds}s.","剪裁：開頭 {start_seconds} 秒（{start_frames} 影格），結尾 {end_seconds} 秒（{end_frames} 影格）。保留：{keep_seconds} 秒。","裁剪：开头 {start_seconds} 秒（{start_frames} 帧），结尾 {end_seconds} 秒（{end_frames} 帧）。保留：{keep_seconds} 秒。","Przycięto: początek {start_seconds}s ({start_frames} klatek), koniec {end_seconds}s ({end_frames} klatek). Zostaje: {keep_seconds}s.","Oříznuto: začátek {start_seconds}s ({start_frames} snímků), konec {end_seconds}s ({end_frames} snímků). Zůstává: {keep_seconds}s."
"console.processing","Processing...","Обробка...","Обработка...","Procesando...","Elaborazione...","Verarbeitung...","처리 중...","Verwerken...","Traitement...","Processando...","處理中...","处理中...","Przetwarzanie...","Zpracování..."
"console.stop","Stop","Зупинити","Остановить","Detener","Ferma","Stoppen","중지","Stoppen","Arrêter","Parar","停止","停止","Stop","Zastavit"
"console.close_stop","Close / stop","Закрити / зупинити","Закрыть / остановить","Cerrar / detener","Chiudi / ferma","Schließen / stoppen","닫기 / 중지","Sluiten / stoppen","Fermer / arrêter","Fechar / parar","關閉 / 停止","关闭 / 停止","Zamknij / stop","Zavřít / zastavit"
"console.done","\n[DONE] All tasks completed.\n","\n[DONE] Усі задачі завершено.\n","\n[DONE] Все задачи завершены.\n","\n[DONE] Todas las tareas terminaron.\n","\n[DONE] Tutte le attività sono completate.\n","\n[DONE] Alle Aufgaben abgeschlossen.\n","\n[DONE] 모든 작업이 완료되었습니다.\n","\n[DONE] Alle taken zijn voltooid.\n","\n[DONE] Toutes les tâches sont terminées.\n","\n[DONE] Todas as tarefas foram concluídas.\n","\n[DONE] 所有工作已完成。\n","\n[DONE] 所有任务已完成。\n","\n[DONE] Wszystkie zadania zakończone.\n","\n[DONE] Všechny úlohy dokončeny.\n"
"console.finished","\n[FINISHED] Tasks ended with errors or were stopped.\n","\n[FINISHED] Задачі завершилися з помилками або були зупинені.\n","\n[FINISHED] Задачи завершились с ошибками или были остановлены.\n","\n[FINISHED] Las tareas terminaron con errores o se detuvieron.\n","\n[FINISHED] Le attività sono finite con errori o sono state fermate.\n","\n[FINISHED] Aufgaben endeten mit Fehlern oder wurden gestoppt.\n","\n[FINISHED] 작업이 오류로 끝났거나 중지되었습니다.\n","\n[FINISHED] Taken eindigden met fouten of zijn gestopt.\n","\n[FINISHED] Les tâches ont fini avec des erreurs ou ont été arrêtées.\n","\n[FINISHED] As tarefas terminaram com erros ou foram paradas.\n","\n[FINISHED] 工作因錯誤結束或已停止。\n","\n[FINISHED] 任务因错误结束或已停止。\n","\n[FINISHED] Zadania zakończyły się błędami albo zostały zatrzymane.\n","\n[FINISHED] Úlohy skončily chybou nebo byly zastaveny.\n"
"console.stopped","\n[STOPPED BY USER]\n","\n[STOPPED BY USER]\n","\n[STOPPED BY USER]\n","\n[STOPPED BY USER]\n","\n[STOPPED BY USER]\n","\n[STOPPED BY USER]\n","\n[STOPPED BY USER]\n","\n[STOPPED BY USER]\n","\n[STOPPED BY USER]\n","\n[STOPPED BY USER]\n","\n[STOPPED BY USER]\n","\n[STOPPED BY USER]\n","\n[STOPPED BY USER]\n","\n[STOPPED BY USER]\n"
"console.close_app","Close application","Закрити застосунок","Закрыть приложение","Cerrar aplicación","Chiudi applicazione","Anwendung schließen","앱 닫기","Applicatie sluiten","Fermer l'application","Fechar aplicativo","關閉應用程式","关闭应用程序","Zamknij aplikację","Zavřít aplikaci"
"console.close_view","Close window","Закрити вікно","Закрыть окно","Cerrar ventana","Chiudi finestra","Fenster schließen","창 닫기","Venster sluiten","Fermer la fenêtre","Fechar janela","關閉視窗","关闭窗口","Zamknij okno","Zavřít okno"
"scheme.mp4_send","MP4 for sharing","MP4 для надсилання","MP4 для отправки","MP4 para compartir","MP4 per invio","MP4 zum Teilen","공유용 MP4","MP4 om te delen","MP4 pour partager","MP4 para envio","分享用 MP4","分享用 MP4","MP4 do wysyłki","MP4 pro sdílení"
"scheme.small_file","Small file","Малий файл","Маленький файл","Archivo pequeño","File piccolo","Kleine Datei","작은 파일","Klein bestand","Petit fichier","Arquivo pequeno","小檔案","小文件","Mały plik","Malý soubor"
"scheme.high_quality","High quality","Висока якість","Высокое качество","Alta calidad","Alta qualità","Hohe Qualität","고품질","Hoge kwaliteit","Haute qualité","Alta qualidade","高品質","高质量","Wysoka jakość","Vysoká kvalita"
"scheme.speed_4x_sound","Speed up 4x with sound","Прискорити 4x зі звуком","Ускорить 4x со звуком","Acelerar 4x con sonido","Accelera 4x con audio","4x schneller mit Ton","소리 포함 4x 가속","4x versnellen met geluid","Accélérer 4x avec son","Acelerar 4x com som","含聲音加速 4x","含声音加速 4x","Przyspiesz 4x z dźwiękiem","Zrychlit 4x se zvukem"
"scheme.speed_10x_mute","Speed up 10x muted","Прискорити 10x без звуку","Ускорить 10x без звука","Acelerar 10x sin sonido","Accelera 10x senza audio","10x schneller ohne Ton","무음 10x 가속","10x versnellen zonder geluid","Accélérer 10x sans son","Acelerar 10x sem som","靜音加速 10x","静音加速 10x","Przyspiesz 10x bez dźwięku","Zrychlit 10x bez zvuku"
"scheme.square_webgl","Square for WebGL","Квадрат для WebGL","Квадрат для WebGL","Cuadrado para WebGL","Quadrato per WebGL","Quadrat für WebGL","WebGL용 정사각형","Vierkant voor WebGL","Carré pour WebGL","Quadrado para WebGL","WebGL 方形","WebGL 方形","Kwadrat dla WebGL","Čtverec pro WebGL"
"scheme.mov_edit","MOV for editing","MOV для монтажу","MOV для монтажа","MOV para edición","MOV per montaggio","MOV für Schnitt","편집용 MOV","MOV voor montage","MOV pour montage","MOV para edição","剪輯用 MOV","剪辑用 MOV","MOV do montażu","MOV pro střih"
"option.output_container.mp4","MP4: for sharing and viewing","MP4: для надсилання та перегляду","MP4: для отправки и просмотра","MP4: para compartir y ver","MP4: per invio e visione","MP4: zum Teilen und Ansehen","MP4: 공유 및 보기용","MP4: delen en bekijken","MP4 : partage et lecture","MP4: envio e visualização","MP4：分享與觀看","MP4：分享与观看","MP4: wysyłka i oglądanie","MP4: sdílení a přehrávání"
"option.output_container.mov","MOV: for editing and iPhone","MOV: для монтажу та iPhone","MOV: для монтажа и iPhone","MOV: para edición e iPhone","MOV: per montaggio e iPhone","MOV: für Schnitt und iPhone","MOV: 편집 및 iPhone용","MOV: montage en iPhone","MOV : montage et iPhone","MOV: edição e iPhone","MOV：剪輯與 iPhone","MOV：剪辑与 iPhone","MOV: montaż i iPhone","MOV: střih a iPhone"
"option.resolution_mode.original","Keep source size","Залишити вихідний розмір","Оставить исходный размер","Mantener tamaño original","Mantieni dimensione originale","Originalgröße behalten","원본 크기 유지","Bronformaat behouden","Conserver la taille source","Manter tamanho original","保留來源尺寸","保留源尺寸","Zachowaj rozmiar źródła","Ponechat původní velikost"
"option.resolution_mode.fit_1080","Set height to 1080p","Зробити висоту 1080p","Сделать высоту 1080p","Altura 1080p","Imposta altezza 1080p","Höhe auf 1080p setzen","높이 1080p로 설정","Hoogte 1080p maken","Hauteur 1080p","Definir altura 1080p","高度設為 1080p","高度设为 1080p","Ustaw wysokość 1080p","Nastavit výšku 1080p"
"option.resolution_mode.fit_720","Set height to 720p","Зробити висоту 720p","Сделать высоту 720p","Altura 720p","Imposta altezza 720p","Höhe auf 720p setzen","높이 720p로 설정","Hoogte 720p maken","Hauteur 720p","Definir altura 720p","高度設為 720p","高度设为 720p","Ustaw wysokość 720p","Nastavit výšku 720p"
"option.resolution_mode.square_720","Square 720x720","Квадрат 720x720","Квадрат 720x720","Cuadrado 720x720","Quadrato 720x720","Quadrat 720x720","정사각형 720x720","Vierkant 720x720","Carré 720x720","Quadrado 720x720","方形 720x720","方形 720x720","Kwadrat 720x720","Čtverec 720x720"
"option.resolution_mode.custom","Set width and height manually","Задати ширину й висоту вручну","Задать ширину и высоту вручную","Definir ancho y alto manualmente","Imposta larghezza e altezza a mano","Breite und Höhe manuell setzen","너비와 높이 직접 설정","Breedte en hoogte handmatig","Largeur et hauteur manuelles","Definir largura e altura manualmente","手動設定寬度與高度","手动设置宽度与高度","Ustaw szerokość i wysokość ręcznie","Nastavit šířku a výšku ručně"
"option.quality_profile.draft","Draft: faster, smaller file","Чернетка: швидше, файл менший","Черновик: быстрее, файл меньше","Borrador: más rápido, archivo menor","Bozza: più veloce, file più piccolo","Entwurf: schneller, kleinere Datei","초안: 더 빠르고 파일 작음","Concept: sneller, kleiner bestand","Brouillon : plus rapide, fichier plus petit","Rascunho: mais rápido, arquivo menor","草稿：較快、檔案較小","草稿：更快、文件更小","Szkic: szybciej, mniejszy plik","Náhled: rychlejší, menší soubor"
"option.quality_profile.small","Small file","Малий файл","Маленький файл","Archivo pequeño","File piccolo","Kleine Datei","작은 파일","Klein bestand","Petit fichier","Arquivo pequeno","小檔案","小文件","Mały plik","Malý soubor"
"option.quality_profile.balanced","Balance quality and size","Баланс якості та розміру","Баланс качества и размера","Equilibrio calidad y tamaño","Equilibrio qualità e dimensione","Balance aus Qualität und Größe","품질과 크기 균형","Balans kwaliteit en grootte","Équilibre qualité et taille","Equilíbrio qualidade e tamanho","品質與大小平衡","质量与大小平衡","Balans jakości i rozmiaru","Vyvážit kvalitu a velikost"
"option.quality_profile.high","High quality","Висока якість","Высокое качество","Alta calidad","Alta qualità","Hohe Qualität","고품질","Hoge kwaliteit","Haute qualité","Alta qualidade","高品質","高质量","Wysoka jakość","Vysoká kvalita"
"option.quality_profile.maximum","Almost maximum quality","Майже максимальна якість","Почти максимум качества","Casi máxima calidad","Quasi massima qualità","Fast maximale Qualität","거의 최대 품질","Bijna maximale kwaliteit","Qualité presque maximale","Quase qualidade máxima","接近最高品質","接近最高质量","Prawie maksymalna jakość","Téměř maximální kvalita"
"option.encoding_speed.fast","Process faster","Обробити швидше","Быстрее обработать","Procesar más rápido","Elabora più velocemente","Schneller verarbeiten","더 빠르게 처리","Sneller verwerken","Traiter plus vite","Processar mais rápido","較快處理","更快处理","Przetwarzaj szybciej","Zpracovat rychleji"
"option.encoding_speed.balanced","Normal speed","Звичайна швидкість","Обычная скорость","Velocidad normal","Velocità normale","Normale Geschwindigkeit","일반 속도","Normale snelheid","Vitesse normale","Velocidade normal","一般速度","普通速度","Normalna szybkość","Normální rychlost"
"option.encoding_speed.smaller_file","Longer, smaller file","Довше, але файл менший","Дольше, но файл меньше","Más lento, archivo menor","Più lento, file più piccolo","Länger, kleinere Datei","느리지만 파일 작음","Langer, kleiner bestand","Plus long, fichier plus petit","Mais lento, arquivo menor","較久、檔案較小","更久、文件更小","Dłużej, mniejszy plik","Déle, menší soubor"
"option.video_codec.libx264","libx264: H.264, most compatible CPU codec","libx264: H.264, найсумісніший CPU-кодек","libx264: H.264, самый совместимый CPU-кодек","libx264: H.264, códec CPU más compatible","libx264: H.264, codec CPU più compatibile","libx264: H.264, kompatibelster CPU-Codec","libx264: H.264, 가장 호환성 높은 CPU 코덱","libx264: H.264, meest compatibele CPU-codec","libx264 : H.264, codec CPU le plus compatible","libx264: H.264, codec CPU mais compatível","libx264：H.264，相容性最高的 CPU 編碼器","libx264：H.264，兼容性最高的 CPU 编码器","libx264: H.264, najbardziej zgodny kodek CPU","libx264: H.264, nejkompatibilnější CPU kodek"
"option.video_codec.libx265","libx265: H.265/HEVC, smaller file, lower compatibility","libx265: H.265/HEVC, менший файл, гірша сумісність","libx265: H.265/HEVC, файл меньше, совместимость хуже","libx265: H.265/HEVC, archivo menor, menos compatibilidad","libx265: H.265/HEVC, file più piccolo, compatibilità minore","libx265: H.265/HEVC, kleinere Datei, weniger kompatibel","libx265: H.265/HEVC, 파일 작음, 호환성 낮음","libx265: H.265/HEVC, kleiner bestand, minder compatibel","libx265 : H.265/HEVC, fichier plus petit, compatibilité moindre","libx265: H.265/HEVC, arquivo menor, menor compatibilidade","libx265：H.265/HEVC，檔案較小，相容性較低","libx265：H.265/HEVC，文件更小，兼容性较低","libx265: H.265/HEVC, mniejszy plik, gorsza zgodność","libx265: H.265/HEVC, menší soubor, horší kompatibilita"
"option.video_codec.h264_nvenc","h264_nvenc: H.264 through NVIDIA GPU","h264_nvenc: H.264 через NVIDIA GPU","h264_nvenc: H.264 через NVIDIA GPU","h264_nvenc: H.264 mediante NVIDIA GPU","h264_nvenc: H.264 tramite NVIDIA GPU","h264_nvenc: H.264 über NVIDIA GPU","h264_nvenc: NVIDIA GPU로 H.264","h264_nvenc: H.264 via NVIDIA GPU","h264_nvenc : H.264 via GPU NVIDIA","h264_nvenc: H.264 pela GPU NVIDIA","h264_nvenc：透過 NVIDIA GPU 的 H.264","h264_nvenc：通过 NVIDIA GPU 的 H.264","h264_nvenc: H.264 przez NVIDIA GPU","h264_nvenc: H.264 přes NVIDIA GPU"
"option.video_codec.hevc_nvenc","hevc_nvenc: H.265/HEVC through NVIDIA GPU","hevc_nvenc: H.265/HEVC через NVIDIA GPU","hevc_nvenc: H.265/HEVC через NVIDIA GPU","hevc_nvenc: H.265/HEVC mediante NVIDIA GPU","hevc_nvenc: H.265/HEVC tramite NVIDIA GPU","hevc_nvenc: H.265/HEVC über NVIDIA GPU","hevc_nvenc: NVIDIA GPU로 H.265/HEVC","hevc_nvenc: H.265/HEVC via NVIDIA GPU","hevc_nvenc : H.265/HEVC via GPU NVIDIA","hevc_nvenc: H.265/HEVC pela GPU NVIDIA","hevc_nvenc：透過 NVIDIA GPU 的 H.265/HEVC","hevc_nvenc：通过 NVIDIA GPU 的 H.265/HEVC","hevc_nvenc: H.265/HEVC przez NVIDIA GPU","hevc_nvenc: H.265/HEVC přes NVIDIA GPU"
"option.video_codec.libvpx-vp9","libvpx-vp9: VP9 for web video","libvpx-vp9: VP9 для web-відео","libvpx-vp9: VP9 для web-видео","libvpx-vp9: VP9 para video web","libvpx-vp9: VP9 per video web","libvpx-vp9: VP9 für Webvideo","libvpx-vp9: 웹 비디오용 VP9","libvpx-vp9: VP9 voor webvideo","libvpx-vp9 : VP9 pour vidéo web","libvpx-vp9: VP9 para vídeo web","libvpx-vp9：網頁影片 VP9","libvpx-vp9：网页视频 VP9","libvpx-vp9: VP9 dla wideo web","libvpx-vp9: VP9 pro webové video"
"option.video_codec.copy","copy: do not re-encode video if filters are not needed","copy: не перекодовувати відео, якщо фільтри не потрібні","copy: не перекодировать видео, если фильтры не нужны","copy: no recodificar si no hacen falta filtros","copy: non ricodificare se non servono filtri","copy: Video nicht neu kodieren, wenn keine Filter nötig sind","copy: 필터가 필요 없으면 비디오 재인코딩 안 함","copy: video niet hercoderen als filters niet nodig zijn","copy : ne pas réencoder si aucun filtre n'est requis","copy: não recodificar se filtros não forem necessários","copy：不需要濾鏡時不重新編碼","copy：不需要滤镜时不重新编码","copy: nie koduj ponownie, jeśli filtry nie są potrzebne","copy: nepřekódovat video, pokud nejsou potřeba filtry"
"option.crop_mode.none","Do not crop frame","Не обрізати кадр","Не обрезать кадр","No recortar cuadro","Non ritagliare il fotogramma","Frame nicht zuschneiden","프레임 자르지 않기","Frame niet bijsnijden","Ne pas recadrer l'image","Não cortar quadro","不裁切畫面","不裁剪画面","Nie przycinaj kadru","Neořezávat snímek"
"option.crop_mode.manual","Crop pixels on each side","Обрізати пікселі по сторонах","Обрезать пиксели по сторонам","Recortar píxeles por lados","Ritaglia pixel sui lati","Pixel an den Seiten zuschneiden","각 면의 픽셀 자르기","Pixels per zijde bijsnijden","Recadrer des pixels par côté","Cortar pixels em cada lado","裁切各邊像素","裁剪各边像素","Przytnij piksele po bokach","Oříznout pixely po stranách"
"option.trim_mode.none","Do not trim by time","Не обрізати за часом","Не обрезать по времени","No recortar por tiempo","Non tagliare nel tempo","Nicht nach Zeit schneiden","시간으로 자르지 않기","Niet op tijd knippen","Ne pas couper par temps","Não cortar por tempo","不依時間剪裁","不按时间裁剪","Nie przycinaj po czasie","Nestříhat podle času"
"option.trim_mode.seconds","Trim in seconds","Обрізати в секундах","Обрезать в секундах","Recortar en segundos","Taglia in secondi","In Sekunden schneiden","초 단위로 자르기","Knippen in seconden","Couper en secondes","Cortar em segundos","以秒剪裁","按秒裁剪","Przytnij w sekundach","Stříhat v sekundách"
"option.trim_mode.frames","Trim in frames","Обрізати в кадрах","Обрезать в кадрах","Recortar en fotogramas","Taglia in fotogrammi","In Frames schneiden","프레임 단위로 자르기","Knippen in frames","Couper en images","Cortar em quadros","以影格剪裁","按帧裁剪","Przytnij w klatkach","Stříhat ve snímcích"
"option.fps_mode.source","Same as source video","Як у вихідному відео","Как в исходном видео","Como el video original","Come nel video sorgente","Wie im Quellvideo","원본 비디오와 동일","Zoals bronvideo","Comme la vidéo source","Igual ao vídeo original","與來源影片相同","与源视频相同","Jak w źródle","Jako ve zdroji"
"option.fps_mode.24","24 frames/s","24 кадри/с","24 кадра/с","24 fotogramas/s","24 fotogrammi/s","24 Bilder/s","24 프레임/초","24 frames/s","24 images/s","24 quadros/s","24 影格/秒","24 帧/秒","24 kl./s","24 sn./s"
"option.fps_mode.30","30 frames/s","30 кадрів/с","30 кадров/с","30 fotogramas/s","30 fotogrammi/s","30 Bilder/s","30 프레임/초","30 frames/s","30 images/s","30 quadros/s","30 影格/秒","30 帧/秒","30 kl./s","30 sn./s"
"option.fps_mode.60","60 frames/s","60 кадрів/с","60 кадров/с","60 fotogramas/s","60 fotogrammi/s","60 Bilder/s","60 프레임/초","60 frames/s","60 images/s","60 quadros/s","60 影格/秒","60 帧/秒","60 kl./s","60 sn./s"
"option.speed.1x","No speed-up","Без прискорення","Без ускорения","Sin acelerar","Senza accelerazione","Keine Beschleunigung","가속 없음","Geen versnelling","Sans accélération","Sem aceleração","不加速","不加速","Bez przyspieszenia","Bez zrychlení"
"option.speed.2x","Speed up 2x","Прискорити в 2 рази","Ускорить в 2 раза","Acelerar 2x","Accelera 2x","2x beschleunigen","2배 가속","2x versnellen","Accélérer 2x","Acelerar 2x","加速 2 倍","加速 2 倍","Przyspiesz 2x","Zrychlit 2x"
"option.speed.4x","Speed up 4x","Прискорити в 4 рази","Ускорить в 4 раза","Acelerar 4x","Accelera 4x","4x beschleunigen","4배 가속","4x versnellen","Accélérer 4x","Acelerar 4x","加速 4 倍","加速 4 倍","Przyspiesz 4x","Zrychlit 4x"
"option.speed.8x","Speed up 8x","Прискорити у 8 разів","Ускорить в 8 раз","Acelerar 8x","Accelera 8x","8x beschleunigen","8배 가속","8x versnellen","Accélérer 8x","Acelerar 8x","加速 8 倍","加速 8 倍","Przyspiesz 8x","Zrychlit 8x"
"option.speed.10x","Speed up 10x","Прискорити у 10 разів","Ускорить в 10 раз","Acelerar 10x","Accelera 10x","10x beschleunigen","10배 가속","10x versnellen","Accélérer 10x","Acelerar 10x","加速 10 倍","加速 10 倍","Przyspiesz 10x","Zrychlit 10x"
"option.speed.16x","Speed up 16x","Прискорити у 16 разів","Ускорить в 16 раз","Acelerar 16x","Accelera 16x","16x beschleunigen","16배 가속","16x versnellen","Accélérer 16x","Acelerar 16x","加速 16 倍","加速 16 倍","Przyspiesz 16x","Zrychlit 16x"
"option.audio_mode.keep_or_silent","With sound; add a silent track if there is no sound","Зі звуком; якщо звуку немає, додати тиху доріжку","Со звуком; если звука нет, добавить тихую дорожку","Con sonido; si no hay audio, agregar pista silenciosa","Con audio; se manca, aggiungi traccia silenziosa","Mit Ton; falls keiner vorhanden ist, stille Spur hinzufügen","소리 포함; 소리가 없으면 무음 트랙 추가","Met geluid; voeg stille track toe als er geen geluid is","Avec son ; ajouter une piste silencieuse s'il manque","Com som; se não houver, adicionar faixa silenciosa","有聲音；沒有聲音時加入靜音音軌","有声音；没有声音时添加静音音轨","Z dźwiękiem; jeśli brak, dodaj cichą ścieżkę","Se zvukem; pokud chybí, přidat tichou stopu"
"option.audio_mode.mute","No sound","Без звуку","Без звука","Sin sonido","Senza audio","Ohne Ton","소리 없음","Zonder geluid","Sans son","Sem som","無聲音","无声音","Bez dźwięku","Bez zvuku"
"option.audio_quality.compact","Compact sound","Компактний звук","Компактный звук","Sonido compacto","Audio compatto","Kompakter Ton","압축 사운드","Compact geluid","Son compact","Som compacto","精簡音訊","精简音频","Kompaktowy dźwięk","Kompaktní zvuk"
"option.audio_quality.normal","Normal sound","Звичайний звук","Обычный звук","Sonido normal","Audio normale","Normaler Ton","일반 사운드","Normaal geluid","Son normal","Som normal","一般音訊","普通音频","Normalny dźwięk","Normální zvuk"
"option.audio_quality.high","High sound quality","Висока якість звуку","Высокое качество звука","Alta calidad de sonido","Alta qualità audio","Hohe Tonqualität","고음질","Hoge geluidskwaliteit","Haute qualité sonore","Alta qualidade de som","高音質","高音质","Wysoka jakość dźwięku","Vysoká kvalita zvuku"
"section.output.title","1. Output result","1. Що отримати на виході","1. Что получить на выходе","1. Resultado de salida","1. Risultato in uscita","1. Ausgabeergebnis","1. 출력 결과","1. Uitvoerresultaat","1. Résultat de sortie","1. Resultado final","1. 輸出結果","1. 输出结果","1. Wynik wyjściowy","1. Výsledek"
"section.output.description","Choose the result file type and name. The source file is not changed.","Виберіть тип файлу та назву результату. Вихідний файл не змінюється.","Здесь выбирается тип файла и имя результата. Это не меняет исходный файл.","Elige tipo y nombre del resultado. El archivo original no cambia.","Scegli tipo e nome del risultato. Il file sorgente non cambia.","Dateityp und Namen wählen. Die Quelldatei bleibt unverändert.","결과 파일 형식과 이름을 선택합니다. 원본 파일은 변경되지 않습니다.","Kies bestandstype en naam. Het bronbestand verandert niet.","Choisissez le type et le nom du résultat. Le fichier source ne change pas.","Escolha tipo e nome do resultado. O arquivo original não muda.","選擇結果檔案類型與名稱，不會改動來源檔案。","选择结果文件类型和名称，不会改动源文件。","Wybierz typ i nazwę wyniku. Plik źródłowy nie jest zmieniany.","Vyberte typ a název výsledku. Zdroj se nemění."
"field.output_container.label","Result format","Формат результату","Формат результата","Formato del resultado","Formato risultato","Ergebnisformat","결과 형식","Resultaatformaat","Format du résultat","Formato do resultado","結果格式","结果格式","Format wyniku","Formát výsledku"
"field.output_container.description","MP4 usually fits sharing, websites, and viewing. MOV is better for editing and some Apple workflows.","MP4 зазвичай підходить для надсилання, сайтів і перегляду. MOV зручніший для монтажу та Apple-сценаріїв.","MP4 обычно подходит для отправки, сайтов и просмотра. MOV удобнее для монтажа и некоторых Apple-сценариев.","MP4 suele servir para compartir, web y ver. MOV es mejor para edición y Apple.","MP4 va bene per invio, siti e visione. MOV è più comodo per montaggio e Apple.","MP4 passt meist für Teilen, Websites und Wiedergabe. MOV ist besser für Schnitt und Apple.","MP4는 공유, 웹, 보기용에 적합합니다. MOV는 편집과 일부 Apple 작업에 좋습니다.","MP4 is meestal geschikt voor delen, websites en kijken. MOV is beter voor montage en Apple.","MP4 convient au partage, au web et à la lecture. MOV est mieux pour le montage et Apple.","MP4 serve para envio, sites e visualização. MOV é melhor para edição e Apple.","MP4 通常適合分享、網站與觀看。MOV 較適合剪輯與部分 Apple 流程。","MP4 通常适合分享、网站与观看。MOV 更适合剪辑和部分 Apple 流程。","MP4 zwykle pasuje do wysyłki, stron i oglądania. MOV lepszy do montażu i Apple.","MP4 se hodí pro sdílení, web a přehrávání. MOV je lepší pro střih a Apple."
"field.output_suffix.label","File name suffix","Приписка до назви файлу","Приписка к имени файла","Sufijo del nombre","Suffisso nome file","Dateinamensuffix","파일 이름 접미사","Achtervoegsel bestandsnaam","Suffixe du nom","Sufixo do nome","檔名後綴","文件名后缀","Sufiks nazwy pliku","Přípona názvu"
"field.output_suffix.description","Example: source video.mov with suffix small creates video_small.mp4.","Наприклад, video.mov із припискою small створить video_small.mp4.","Например, если исходник video.mov, приписка 'small' создаст video_small.mp4.","Ejemplo: video.mov con sufijo small crea video_small.mp4.","Esempio: video.mov con suffisso small crea video_small.mp4.","Beispiel: video.mov mit Suffix small wird video_small.mp4.","예: video.mov에 small 접미사를 쓰면 video_small.mp4가 됩니다.","Voorbeeld: video.mov met suffix small maakt video_small.mp4.","Exemple : video.mov avec suffixe small crée video_small.mp4.","Exemplo: video.mov com sufixo small cria video_small.mp4.","例如 video.mov 加上 small 會建立 video_small.mp4。","例如 video.mov 加上 small 会创建 video_small.mp4。","Przykład: video.mov z sufiksem small utworzy video_small.mp4.","Příklad: video.mov se suffixem small vytvoří video_small.mp4."
"section.size_speed.title","2. Video size and speed","2. Розмір і швидкість відео","2. Размер и скорость видео","2. Tamaño y velocidad","2. Dimensione e velocità","2. Größe und Geschwindigkeit","2. 비디오 크기와 속도","2. Grootte en snelheid","2. Taille et vitesse","2. Tamanho e velocidade","2. 影片尺寸與速度","2. 视频尺寸与速度","2. Rozmiar i szybkość","2. Velikost a rychlost"
"section.size_speed.description","These settings change the picture: frame size, frame rate, and speed-up.","Ці параметри змінюють картинку: розмір кадру, FPS і прискорення.","Эти параметры меняют картинку: размер кадра, частоту кадров и ускорение.","Estos ajustes cambian imagen, FPS y velocidad.","Queste impostazioni cambiano dimensione, FPS e velocità.","Diese Werte ändern Bildgröße, Bildrate und Beschleunigung.","프레임 크기, FPS, 가속을 바꿉니다.","Deze instellingen wijzigen beeldformaat, FPS en versnelling.","Ces réglages modifient taille, FPS et accélération.","Essas opções mudam tamanho, FPS e aceleração.","這些設定會改變畫面尺寸、FPS 與加速。","这些设置会改变画面尺寸、FPS 和加速。","Te ustawienia zmieniają rozmiar, FPS i przyspieszenie.","Tato nastavení mění velikost, FPS a zrychlení."
"field.resolution_mode.label","Video size","Розмір відео","Размер видео","Tamaño del video","Dimensione video","Videogröße","비디오 크기","Videogrootte","Taille vidéo","Tamanho do vídeo","影片尺寸","视频尺寸","Rozmiar wideo","Velikost videa"
"field.resolution_mode.description","Keep the source size, scale down, make a square, or set exact dimensions manually.","Залиште вихідний розмір, зменште, зробіть квадрат або задайте точні розміри вручну.","Можно оставить исходный размер, уменьшить до 1080p/720p, сделать квадрат или задать точные размеры вручную.","Mantén tamaño, reduce, haz cuadrado o define medidas exactas.","Mantieni, riduci, rendi quadrato o imposta misure esatte.","Original behalten, verkleinern, Quadrat erstellen oder Maße setzen.","원본 유지, 축소, 정사각형 또는 정확한 크기 지정.","Behoud bron, verklein, maak vierkant of stel exacte maten in.","Conserver, réduire, faire un carré ou définir les dimensions.","Manter, reduzir, deixar quadrado ou definir dimensões.","保留來源、縮小、做成方形或手動設定尺寸。","保留源尺寸、缩小、做成方形或手动设置尺寸。","Zachowaj, zmniejsz, zrób kwadrat albo ustaw wymiary.","Ponechat, zmenšit, udělat čtverec nebo nastavit rozměry."
"field.custom_width.label","Manual width","Ширина вручну","Ширина вручную","Ancho manual","Larghezza manuale","Manuelle Breite","수동 너비","Handmatige breedte","Largeur manuelle","Largura manual","手動寬度","手动宽度","Szerokość ręczna","Ruční šířka"
"field.custom_width.description","Used only in manual width and height mode. Value is in pixels.","Використовується лише в ручному режимі ширини й висоти. Значення в пікселях.","Используется только когда выбран режим 'Задать ширину и высоту вручную'. Значение в пикселях.","Solo se el modo manual está activo. Valor en píxeles.","Usato solo in modalità manuale. Valore in pixel.","Nur im manuellen Größenmodus. Wert in Pixeln.","수동 크기 모드에서만 사용합니다. 값은 픽셀입니다.","Alleen in handmatige modus. Waarde in pixels.","Utilisé seulement en mode manuel. Valeur en pixels.","Usado só no modo manual. Valor em pixels.","僅在手動寬高模式使用，單位為像素。","仅在手动宽高模式使用，单位为像素。","Tylko w trybie ręcznym. Wartość w pikselach.","Pouze v ručním režimu. Hodnota v pixelech."
"field.custom_height.label","Manual height","Висота вручну","Высота вручную","Alto manual","Altezza manuale","Manuelle Höhe","수동 높이","Handmatige hoogte","Hauteur manuelle","Altura manual","手動高度","手动高度","Wysokość ręczna","Ruční výška"
"field.custom_height.description","Used only in manual width and height mode. Value is in pixels.","Використовується лише в ручному режимі ширини й висоти. Значення в пікселях.","Используется только когда выбран режим 'Задать ширину и высоту вручную'. Значение в пикселях.","Solo si el modo manual está activo. Valor en píxeles.","Usato solo in modalità manuale. Valore in pixel.","Nur im manuellen Größenmodus. Wert in Pixeln.","수동 크기 모드에서만 사용합니다. 값은 픽셀입니다.","Alleen in handmatige modus. Waarde in pixels.","Utilisé seulement en mode manuel. Valeur en pixels.","Usado só no modo manual. Valor em pixels.","僅在手動寬高模式使用，單位為像素。","仅在手动宽高模式使用，单位为像素。","Tylko w trybie ręcznym. Wartość w pikselach.","Pouze v ručním režimu. Hodnota v pixelech."
"field.fps_mode.label","Frames per second","Кадри на секунду","Кадры в секунду","Fotogramas por segundo","Fotogrammi al secondo","Bilder pro Sekunde","초당 프레임","Frames per seconde","Images par seconde","Quadros por segundo","每秒影格","每秒帧数","Klatki na sekundę","Snímky za sekundu"
"field.fps_mode.description","Usually leave it as source. Use 24/30/60 only when a specific frame rate is required.","Зазвичай краще залишити як у джерелі. 24/30/60 потрібні лише для конкретного FPS.","Обычно лучше оставить как в исходнике. 24/30/60 нужны, если требуется конкретная частота кадров.","Normalmente deja origen. Usa 24/30/60 solo si se requiere.","Di solito lascia sorgente. Usa 24/30/60 solo se serve.","Meist Quelle behalten. 24/30/60 nur bei Vorgabe nutzen.","보통 원본 유지가 좋습니다. 특정 FPS가 필요할 때만 사용하세요.","Laat meestal bron staan. Gebruik 24/30/60 alleen als nodig.","Gardez souvent la source. 24/30/60 seulement si requis.","Geralmente mantenha origem. Use 24/30/60 se necessário.","通常保留來源，只有需要指定 FPS 時才用 24/30/60。","通常保留源，只有需要指定 FPS 时才用 24/30/60。","Zwykle zostaw źródło. 24/30/60 tylko gdy wymagane.","Obvykle ponechte zdroj. 24/30/60 jen při požadavku."
"field.speed.label","Speed-up","Прискорення","Ускорение","Aceleración","Accelerazione","Beschleunigung","가속","Versnelling","Accélération","Aceleração","加速","加速","Przyspieszenie","Zrychlení"
"field.speed.description","Changes video duration. If sound is enabled, audio is sped up with the picture.","Змінює тривалість відео. Якщо звук увімкнено, аудіо прискорюється разом із картинкою.","Меняет длительность видео. Если звук включен, звук ускоряется вместе с картинкой.","Cambia duración. Si hay sonido, se acelera junto con la imagen.","Cambia durata. Se l'audio è attivo, accelera insieme al video.","Ändert die Dauer. Ton wird mit dem Bild beschleunigt.","비디오 길이를 바꿉니다. 소리가 켜져 있으면 같이 빨라집니다.","Wijzigt duur. Geluid versnelt mee als het aan staat.","Change la durée. Le son est accéléré avec l'image.","Muda a duração. Com som ativo, o áudio acelera junto.","改變影片長度；啟用聲音時音訊也會一起加速。","改变视频长度；启用声音时音频也会一起加速。","Zmienia czas trwania. Dźwięk przyspiesza razem z obrazem.","Mění délku. Zvuk se zrychlí spolu s obrazem."
"section.crop.title","3. Frame crop","3. Обрізка кадру","3. Обрезка кадра","3. Recorte de cuadro","3. Ritaglio fotogramma","3. Frame zuschneiden","3. 프레임 자르기","3. Frame bijsnijden","3. Recadrage image","3. Corte do quadro","3. 畫面裁切","3. 画面裁剪","3. Przycinanie kadru","3. Ořez snímku"
"section.crop.description","Crop removes pixels from frame edges before resizing. Example: set Left = 100 to remove 100 pixels from the left.","Обрізка видаляє пікселі з країв перед зміною розміру. Приклад: Ліворуч = 100.","Обрезка удаляет пиксели с краев кадра до изменения размера. Например, чтобы убрать 100 пикселей слева, поставьте 'Слева' = 100.","Quita píxeles de los bordes antes de escalar. Ejemplo: Izquierda = 100.","Rimuove pixel dai bordi prima del ridimensionamento. Esempio: Sinistra = 100.","Entfernt Pixel vor dem Skalieren. Beispiel: Links = 100.","크기 변경 전 가장자리 픽셀을 제거합니다. 예: 왼쪽 = 100.","Verwijdert pixels van randen vóór schalen. Voorbeeld: Links = 100.","Retire des pixels avant redimensionnement. Exemple : Gauche = 100.","Remove pixels das bordas antes de redimensionar. Exemplo: Esquerda = 100.","在縮放前移除邊緣像素。例如左側 = 100。","在缩放前移除边缘像素。例如左侧 = 100。","Usuwa piksele z krawędzi przed skalowaniem. Przykład: Lewo = 100.","Odstraní pixely z okrajů před změnou velikosti. Příklad: vlevo = 100."
"field.crop_mode.label","Crop mode","Режим обрізки","Режим обрезки","Modo de recorte","Modalità ritaglio","Zuschnittmodus","자르기 모드","Bijsnijmodus","Mode recadrage","Modo de corte","裁切模式","裁剪模式","Tryb przycinania","Režim ořezu"
"field.crop_mode.description","When crop is off, the frame stays whole. Manual mode removes exact pixels from each side.","Коли обрізка вимкнена, кадр цілий. Ручний режим прибирає точні пікселі з кожного боку.","Если обрезка выключена, кадр остается целым. Ручной режим позволяет убрать точное количество пикселей с каждой стороны.","Si está desactivado, el cuadro queda completo. Manual quita píxeles exactos.","Se disattivo, il fotogramma resta intero. Manuale rimuove pixel esatti.","Aus: Frame bleibt ganz. Manuell entfernt genaue Pixel pro Seite.","꺼져 있으면 프레임 전체 유지. 수동은 각 면 픽셀 제거.","Uit: frame blijft heel. Handmatig verwijdert exacte pixels.","Désactivé : image entière. Manuel retire des pixels exacts.","Desligado mantém o quadro. Manual remove pixels exatos.","關閉時保留完整畫面；手動可移除各邊指定像素。","关闭时保留完整画面；手动可移除各边指定像素。","Wyłączone zachowuje kadr. Ręczny usuwa dokładne piksele.","Vypnuto ponechá snímek. Ruční odstraní přesné pixely."
"field.crop_left.label","Left, pixels","Ліворуч, пікселів","Слева, пикселей","Izquierda, píxeles","Sinistra, pixel","Links, Pixel","왼쪽, 픽셀","Links, pixels","Gauche, pixels","Esquerda, pixels","左側，像素","左侧，像素","Lewo, piksele","Vlevo, pixely"
"field.crop_left.description","How many pixels to remove from the left edge.","Скільки пікселів видалити з лівого краю.","Сколько пикселей удалить с левого края.","Píxeles a quitar del borde izquierdo.","Pixel da rimuovere dal bordo sinistro.","Pixel vom linken Rand entfernen.","왼쪽 가장자리에서 제거할 픽셀 수.","Pixels van linkerrand verwijderen.","Pixels à retirer du bord gauche.","Pixels a remover da borda esquerda.","從左邊移除多少像素。","从左边移除多少像素。","Ile pikseli usunąć z lewej krawędzi.","Kolik pixelů odstranit zleva."
"field.crop_right.label","Right, pixels","Праворуч, пікселів","Справа, пикселей","Derecha, píxeles","Destra, pixel","Rechts, Pixel","오른쪽, 픽셀","Rechts, pixels","Droite, pixels","Direita, pixels","右側，像素","右侧，像素","Prawo, piksele","Vpravo, pixely"
"field.crop_right.description","How many pixels to remove from the right edge.","Скільки пікселів видалити з правого краю.","Сколько пикселей удалить с правого края.","Píxeles a quitar del borde derecho.","Pixel da rimuovere dal bordo destro.","Pixel vom rechten Rand entfernen.","오른쪽 가장자리에서 제거할 픽셀 수.","Pixels van rechterrand verwijderen.","Pixels à retirer du bord droit.","Pixels a remover da borda direita.","從右邊移除多少像素。","从右边移除多少像素。","Ile pikseli usunąć z prawej krawędzi.","Kolik pixelů odstranit zprava."
"field.crop_top.label","Top, pixels","Зверху, пікселів","Сверху, пикселей","Arriba, píxeles","Alto, pixel","Oben, Pixel","위, 픽셀","Boven, pixels","Haut, pixels","Topo, pixels","上方，像素","上方，像素","Góra, piksele","Nahoře, pixely"
"field.crop_top.description","How many pixels to remove from the top edge.","Скільки пікселів видалити зверху.","Сколько пикселей удалить сверху.","Píxeles a quitar de arriba.","Pixel da rimuovere dall'alto.","Pixel oben entfernen.","위쪽에서 제거할 픽셀 수.","Pixels van bovenrand verwijderen.","Pixels à retirer en haut.","Pixels a remover do topo.","從上方移除多少像素。","从上方移除多少像素。","Ile pikseli usunąć z góry.","Kolik pixelů odstranit shora."
"field.crop_bottom.label","Bottom, pixels","Знизу, пікселів","Снизу, пикселей","Abajo, píxeles","Basso, pixel","Unten, Pixel","아래, 픽셀","Onder, pixels","Bas, pixels","Baixo, pixels","下方，像素","下方，像素","Dół, piksele","Dole, pixely"
"field.crop_bottom.description","How many pixels to remove from the bottom edge.","Скільки пікселів видалити знизу.","Сколько пикселей удалить снизу.","Píxeles a quitar de abajo.","Pixel da rimuovere dal basso.","Pixel unten entfernen.","아래쪽에서 제거할 픽셀 수.","Pixels van onderrand verwijderen.","Pixels à retirer en bas.","Pixels a remover de baixo.","從下方移除多少像素。","从下方移除多少像素。","Ile pikseli usunąć z dołu.","Kolik pixelů odstranit zdola."
"section.trim.title","4. Time trim","4. Обрізка за часом","4. Обрезка по времени","4. Recorte por tiempo","4. Taglio nel tempo","4. Zeitlicher Schnitt","4. 시간 자르기","4. Knippen op tijd","4. Coupe temporelle","4. Corte por tempo","4. 時間剪裁","4. 时间裁剪","4. Przycinanie czasu","4. Časový střih"
"section.trim.description","Remove the start or end of the clip. Values can be seconds or frames; frames are converted using source FPS.","Видаляє початок або кінець ролика. Значення можуть бути в секундах або кадрах; кадри переводяться через FPS джерела.","Эта обрезка удаляет начало или конец ролика. Можно задавать значения в секундах или в кадрах; кадры пересчитываются через FPS исходного видео.","Quita inicio o final. Valores en segundos o fotogramas; se convierten con FPS original.","Rimuove inizio o fine. Valori in secondi o fotogrammi, convertiti con FPS sorgente.","Entfernt Anfang oder Ende. Sekunden oder Frames; Frames werden per Quell-FPS umgerechnet.","클립 시작이나 끝을 제거합니다. 초 또는 프레임 값을 쓰며 원본 FPS로 변환합니다.","Verwijdert begin of einde. Waarden in seconden of frames; frames via bron-FPS.","Retire le début ou la fin. Secondes ou images, converties avec le FPS source.","Remove início ou fim. Valores em segundos ou quadros, convertidos pelo FPS.","移除片段開頭或結尾；可用秒或影格，影格會依來源 FPS 轉換。","移除片段开头或结尾；可用秒或帧，帧会按源 FPS 转换。","Usuwa początek lub koniec. Sekundy albo klatki, przeliczane przez FPS źródła.","Odstraní začátek nebo konec. Sekundy nebo snímky, přepočet podle FPS zdroje."
"field.trim_mode.label","Time trim mode","Режим обрізки за часом","Режим обрезки по времени","Modo de recorte temporal","Modalità taglio tempo","Zeit-Schnittmodus","시간 자르기 모드","Tijdknipmodus","Mode coupe temporelle","Modo de corte por tempo","時間剪裁模式","时间裁剪模式","Tryb przycinania czasu","Režim časového střihu"
"field.trim_mode.description","Choose seconds for quick trimming or frames for exact frame counts from the start or end.","Виберіть секунди для швидкої обрізки або кадри для точної кількості кадрів з початку чи кінця.","Выберите секунды, если нужно быстро убрать кусок по времени. Выберите кадры, если нужно точное количество кадров от начала или конца.","Usa segundos para rapidez o fotogramas para cantidad exacta desde inicio o fin.","Usa secondi per rapidità o fotogrammi per conteggio esatto.","Sekunden für schnellen Schnitt, Frames für genaue Anzahl nutzen.","빠른 자르기는 초, 정확한 프레임 수는 프레임을 선택하세요.","Kies seconden voor snel knippen of frames voor exacte aantallen.","Choisissez secondes pour vite couper ou images pour un nombre exact.","Escolha segundos para rapidez ou quadros para contagem exata.","秒適合快速剪裁，影格適合從頭或尾精確指定數量。","秒适合快速裁剪，帧适合从头或尾精确指定数量。","Sekundy do szybkiego cięcia, klatki do dokładnej liczby.","Sekundy pro rychlý střih, snímky pro přesný počet."
"field.trim_start_seconds.label","From start, seconds","З початку, секунд","С начала, секунд","Desde inicio, segundos","Da inizio, secondi","Vom Anfang, Sekunden","시작부터, 초","Vanaf begin, seconden","Depuis le début, secondes","Do início, segundos","從開頭，秒","从开头，秒","Od początku, sekundy","Od začátku, sekundy"
"field.trim_start_seconds.description","Seconds to remove from the start. Used when mode is seconds. Decimal values are allowed, for example 1.5.","Скільки секунд видалити з початку. Працює в режимі секунд. Можна дробові, наприклад 1.5.","Сколько секунд удалить от начала видео. Работает, когда выбран режим 'Обрезать в секундах'. Можно писать дробные значения, например 1.5.","Segundos a quitar del inicio. Usa modo segundos. Acepta decimales, por ejemplo 1.5.","Secondi da togliere dall'inizio. Usa modalità secondi. Decimali ammessi, es. 1.5.","Sekunden vom Anfang entfernen. Nur im Sekundenmodus. Dezimalwerte wie 1.5 möglich.","시작에서 제거할 초. 초 모드에서 사용. 1.5 같은 소수 가능.","Seconden vanaf begin verwijderen. Bij secondenmodus. Decimalen zoals 1.5 mogen.","Secondes à retirer au début. Mode secondes. Décimales admises, ex. 1.5.","Segundos a remover do início. Modo segundos. Aceita decimais, ex. 1.5.","從開頭移除的秒數。秒模式使用，可輸入 1.5。","从开头移除的秒数。秒模式使用，可输入 1.5。","Sekundy do usunięcia z początku. Tryb sekund. Można 1.5.","Sekundy odstranit od začátku. Režim sekund. Lze 1.5."
"field.trim_end_seconds.label","From end, seconds","З кінця, секунд","С конца, секунд","Desde final, segundos","Da fine, secondi","Vom Ende, Sekunden","끝에서, 초","Vanaf einde, seconden","Depuis la fin, secondes","Do fim, segundos","從結尾，秒","从结尾，秒","Od końca, sekundy","Od konce, sekundy"
"field.trim_end_seconds.description","Seconds to remove from the end. Used when mode is seconds.","Скільки секунд видалити з кінця. Працює в режимі секунд.","Сколько секунд удалить от конца видео. Работает, когда выбран режим 'Обрезать в секундах'.","Segundos a quitar del final. Usa modo segundos.","Secondi da togliere dalla fine. Usa modalità secondi.","Sekunden vom Ende entfernen. Nur im Sekundenmodus.","끝에서 제거할 초. 초 모드에서 사용.","Seconden vanaf einde verwijderen. Bij secondenmodus.","Secondes à retirer à la fin. Mode secondes.","Segundos a remover do fim. Modo segundos.","從結尾移除的秒數。秒模式使用。","从结尾移除的秒数。秒模式使用。","Sekundy do usunięcia z końca. Tryb sekund.","Sekundy odstranit od konce. Režim sekund."
"field.trim_start_frames.label","From start, frames","З початку, кадрів","С начала, кадров","Desde inicio, fotogramas","Da inizio, fotogrammi","Vom Anfang, Frames","시작부터, 프레임","Vanaf begin, frames","Depuis le début, images","Do início, quadros","從開頭，影格","从开头，帧","Od początku, klatki","Od začátku, snímky"
"field.trim_start_frames.description","Frames to remove from the start. Source FPS is used to convert frames to seconds for ffmpeg.","Скільки кадрів видалити з початку. FPS джерела переводить кадри в секунди для ffmpeg.","Сколько кадров удалить от начала видео. Программа берет FPS из исходника и переводит кадры в секунды для ffmpeg.","Fotogramas a quitar del inicio. El FPS original convierte a segundos para ffmpeg.","Fotogrammi da togliere dall'inizio. FPS sorgente li converte in secondi per ffmpeg.","Frames vom Anfang. Quell-FPS rechnet sie für ffmpeg in Sekunden um.","시작에서 제거할 프레임. 원본 FPS로 ffmpeg용 초로 변환합니다.","Frames vanaf begin. Bron-FPS zet om naar seconden voor ffmpeg.","Images à retirer au début. Le FPS source convertit en secondes pour ffmpeg.","Quadros a remover do início. FPS original converte para segundos no ffmpeg.","從開頭移除的影格數；依來源 FPS 轉成 ffmpeg 秒數。","从开头移除的帧数；按源 FPS 转成 ffmpeg 秒数。","Klatki do usunięcia z początku. FPS źródła przelicza na sekundy.","Snímky odstranit od začátku. FPS zdroje je převede na sekundy."
"field.trim_end_frames.label","From end, frames","З кінця, кадрів","С конца, кадров","Desde final, fotogramas","Da fine, fotogrammi","Vom Ende, Frames","끝에서, 프레임","Vanaf einde, frames","Depuis la fin, images","Do fim, quadros","從結尾，影格","从结尾，帧","Od końca, klatki","Od konce, snímky"
"field.trim_end_frames.description","Frames to remove from the end. Used when mode is frames.","Скільки кадрів видалити з кінця. Працює в режимі кадрів.","Сколько кадров удалить от конца видео. Работает, когда выбран режим 'Обрезать в кадрах'.","Fotogramas a quitar del final. Usa modo fotogramas.","Fotogrammi da togliere dalla fine. Usa modalità fotogrammi.","Frames vom Ende entfernen. Nur im Frame-Modus.","끝에서 제거할 프레임. 프레임 모드에서 사용.","Frames vanaf einde verwijderen. Bij framemodus.","Images à retirer à la fin. Mode images.","Quadros a remover do fim. Modo quadros.","從結尾移除的影格數。影格模式使用。","从结尾移除的帧数。帧模式使用。","Klatki do usunięcia z końca. Tryb klatek.","Snímky odstranit od konce. Režim snímků."
"section.quality.title","5. Quality and file size","5. Якість і розмір файлу","5. Качество и размер файла","5. Calidad y tamaño","5. Qualità e dimensione","5. Qualität und Dateigröße","5. 품질과 파일 크기","5. Kwaliteit en bestandsgrootte","5. Qualité et taille","5. Qualidade e tamanho","5. 品質與檔案大小","5. 质量与文件大小","5. Jakość i rozmiar pliku","5. Kvalita a velikost"
"section.quality.description","Technical parameters are behind readable modes. Higher quality means a larger file.","Технічні параметри сховані за зрозумілими режимами. Вища якість означає більший файл.","Технические параметры спрятаны за понятными режимами. Чем выше качество, тем больше файл.","Los parámetros técnicos están en modos claros. Más calidad significa archivo mayor.","Parametri tecnici dietro modalità chiare. Più qualità significa file più grande.","Technische Werte stecken hinter klaren Modi. Höhere Qualität bedeutet größere Datei.","기술 값은 쉬운 모드 뒤에 있습니다. 품질이 높을수록 파일이 큽니다.","Technische waarden zitten achter duidelijke modi. Hogere kwaliteit is groter bestand.","Les paramètres techniques sont dans des modes lisibles. Plus de qualité, fichier plus gros.","Parâmetros técnicos ficam em modos claros. Mais qualidade, arquivo maior.","技術參數用清楚模式呈現；品質越高檔案越大。","技术参数用清楚模式呈现；质量越高文件越大。","Parametry techniczne są w czytelnych trybach. Wyższa jakość to większy plik.","Technické parametry jsou ve srozumitelných režimech. Vyšší kvalita znamená větší soubor."
"field.quality_profile.label","Picture quality","Якість картинки","Качество картинки","Calidad de imagen","Qualità immagine","Bildqualität","화질","Beeldkwaliteit","Qualité d'image","Qualidade da imagem","畫質","画质","Jakość obrazu","Kvalita obrazu"
"field.quality_profile.description","Draft and small file compress harder. High quality keeps more detail.","Чернетка та малий файл стискають сильніше. Висока якість зберігає більше деталей.","Черновик и маленький файл сильнее сжимают видео. Высокое качество сохраняет больше деталей.","Borrador y pequeño comprimen más. Alta calidad conserva más detalle.","Bozza e piccolo comprimono di più. Alta qualità conserva dettagli.","Entwurf und kleine Datei komprimieren stärker. Hoch erhält mehr Details.","초안/작은 파일은 더 많이 압축합니다. 고품질은 세부를 더 보존합니다.","Concept en klein comprimeren sterker. Hoog bewaart meer details.","Brouillon et petit fichier compressent plus. Haute qualité garde plus de détails.","Rascunho e pequeno comprimem mais. Alta qualidade preserva detalhes.","草稿與小檔案壓縮較強；高品質保留更多細節。","草稿与小文件压缩更强；高质量保留更多细节。","Szkic i mały plik mocniej kompresują. Wysoka jakość zachowuje szczegóły.","Náhled a malý soubor více komprimují. Vysoká kvalita zachová detaily."
"field.encoding_speed.label","Processing speed","Швидкість обробки","Скорость обработки","Velocidad de procesamiento","Velocità elaborazione","Verarbeitungsgeschwindigkeit","처리 속도","Verwerkingssnelheid","Vitesse de traitement","Velocidade de processamento","處理速度","处理速度","Szybkość przetwarzania","Rychlost zpracování"
"field.encoding_speed.description","Fast mode finishes sooner. Smaller file mode takes longer but compresses better.","Швидкий режим завершується раніше. Режим малого файлу працює довше, але стискає краще.","Быстрый режим быстрее завершится. Режим 'файл меньше' работает дольше, зато лучше сжимает.","Rápido termina antes. Archivo menor tarda más pero comprime mejor.","Veloce finisce prima. File piccolo dura di più ma comprime meglio.","Schnell endet früher. Kleine Datei dauert länger, komprimiert besser.","빠른 모드는 빨리 끝납니다. 작은 파일 모드는 느리지만 압축이 좋습니다.","Snel is eerder klaar. Klein bestand duurt langer maar comprimeert beter.","Rapide finit plus tôt. Petit fichier prend plus de temps mais compresse mieux.","Rápido termina antes. Arquivo menor demora mais, mas comprime melhor.","快速模式較快完成；小檔案模式較久但壓縮更好。","快速模式更快完成；小文件模式更久但压缩更好。","Szybki tryb kończy wcześniej. Mały plik trwa dłużej, ale lepiej kompresuje.","Rychlý režim skončí dřív. Menší soubor trvá déle, ale lépe komprimuje."
"field.video_codec.label","Video codec","Відеокодек","Видеокодек","Códec de video","Codec video","Videocodec","비디오 코덱","Videocodec","Codec vidéo","Codec de vídeo","影片編碼器","视频编码器","Kodek wideo","Video kodek"
"field.video_codec.description","Exact codec passed to ffmpeg through -c:v. copy avoids re-encoding only when no filters are needed.","Точний кодек для ffmpeg через -c:v. copy не перекодовує лише коли фільтри не потрібні.","Конкретный кодек, который будет передан в ffmpeg через -c:v. Если выбран copy, видео не перекодируется только когда нет фильтров.","Códec exacto para ffmpeg con -c:v. copy evita recodificar solo sin filtros.","Codec esatto per ffmpeg con -c:v. copy evita ricodifica solo senza filtri.","Exakter Codec für ffmpeg per -c:v. copy vermeidet Neukodierung nur ohne Filter.","-c:v로 ffmpeg에 전달할 정확한 코덱입니다. copy는 필터가 없을 때만 재인코딩을 피합니다.","Exacte codec voor ffmpeg via -c:v. copy hercodeert alleen niet zonder filters.","Codec exact passé à ffmpeg via -c:v. copy évite le réencodage seulement sans filtres.","Codec exato para ffmpeg via -c:v. copy evita recodificar só sem filtros.","透過 -c:v 傳給 ffmpeg 的實際編碼器；copy 只在無濾鏡時避免重編碼。","通过 -c:v 传给 ffmpeg 的实际编码器；copy 只在无滤镜时避免重编码。","Dokładny kodek dla ffmpeg przez -c:v. copy unika kodowania tylko bez filtrów.","Přesný kodek pro ffmpeg přes -c:v. copy bez překódování jen bez filtrů."
"section.audio.title","6. Sound","6. Звук","6. Звук","6. Sonido","6. Audio","6. Ton","6. 소리","6. Geluid","6. Son","6. Som","6. 聲音","6. 声音","6. Dźwięk","6. Zvuk"
"section.audio.description","If the source has no audio and sound is enabled, an empty silent track is added.","Якщо джерело без звуку, а звук увімкнено, буде додано порожню тиху доріжку.","Если исходное видео без звука и выбран режим 'со звуком', будет добавлена пустая тихая дорожка.","Si no hay audio y el sonido está activo, se agrega una pista silenciosa.","Se la sorgente non ha audio e l'audio è attivo, si aggiunge traccia silenziosa.","Wenn Quelle keinen Ton hat und Ton aktiv ist, wird eine stille Spur hinzugefügt.","원본에 오디오가 없고 소리가 켜져 있으면 무음 트랙이 추가됩니다.","Als bron geen audio heeft en geluid aan staat, wordt stille track toegevoegd.","Si la source n'a pas d'audio et que le son est activé, une piste silencieuse est ajoutée.","Se a origem não tiver áudio e som estiver ativo, uma faixa silenciosa será adicionada.","來源無音訊且啟用聲音時，會加入空白靜音音軌。","源无音频且启用声音时，会添加空白静音音轨。","Jeśli źródło nie ma audio, a dźwięk jest włączony, dodana będzie cicha ścieżka.","Pokud zdroj nemá audio a zvuk je zapnutý, přidá se tichá stopa."
"field.audio_mode.label","Audio track","Аудіодоріжка","Звуковая дорожка","Pista de audio","Traccia audio","Audiospur","오디오 트랙","Audiotrack","Piste audio","Faixa de áudio","音軌","音轨","Ścieżka audio","Zvuková stopa"
"field.audio_mode.description","Choose no sound if audio is not needed. Otherwise sound is kept or a silent track is created.","Виберіть без звуку, якщо аудіо не потрібне. Інакше звук збережеться або створиться тиха доріжка.","Выберите 'без звука', если аудио не нужно. Иначе звук сохранится или будет создана тихая дорожка.","Elige sin sonido si no necesitas audio. Si no, se conserva o crea pista silenciosa.","Scegli senza audio se non serve. Altrimenti si conserva o crea traccia silenziosa.","Ohne Ton wählen, wenn Audio nicht nötig ist. Sonst bleibt Ton oder stille Spur entsteht.","오디오가 필요 없으면 소리 없음을 선택하세요. 아니면 유지하거나 무음 트랙을 만듭니다.","Kies zonder geluid als audio niet nodig is. Anders blijft of wordt stille track gemaakt.","Choisissez sans son si inutile. Sinon le son est gardé ou une piste silencieuse est créée.","Escolha sem som se não precisa. Caso contrário, mantém ou cria faixa silenciosa.","不需要音訊時選擇無聲；否則保留聲音或建立靜音音軌。","不需要音频时选择无声；否则保留声音或创建静音音轨。","Wybierz bez dźwięku, jeśli niepotrzebny. Inaczej zostanie lub powstanie cicha ścieżka.","Vyberte bez zvuku, pokud není potřeba. Jinak zůstane nebo vznikne tichá stopa."
"field.audio_quality.label","Sound quality","Якість звуку","Качество звука","Calidad de sonido","Qualità audio","Tonqualität","음질","Geluidskwaliteit","Qualité sonore","Qualidade do som","音質","音质","Jakość dźwięku","Kvalita zvuku"
"field.audio_quality.description","Normal is enough for most videos. High quality increases file size.","Звичайного режиму достатньо для більшості відео. Висока якість збільшить розмір.","Обычного режима достаточно для большинства видео. Высокое качество увеличит размер файла.","Normal basta para la mayoría. Alta calidad aumenta tamaño.","Normale basta quasi sempre. Alta qualità aumenta dimensione.","Normal reicht meist. Hohe Qualität erhöht Dateigröße.","일반이면 대부분 충분합니다. 고품질은 파일 크기를 늘립니다.","Normaal is meestal genoeg. Hoog vergroot bestand.","Normal suffit souvent. Haute qualité augmente la taille.","Normal basta na maioria. Alta qualidade aumenta o tamanho.","一般模式多數影片足夠；高品質會增加檔案大小。","普通模式多数视频足够；高质量会增加文件大小。","Normalny wystarczy zwykle. Wysoka jakość zwiększa rozmiar.","Normální většinou stačí. Vysoká kvalita zvětší soubor."
"field.audio_volume.label","Volume","Гучність","Громкость","Volumen","Volume","Lautstärke","볼륨","Volume","Volume","Volume","音量","音量","Głośność","Hlasitost"
"field.audio_volume.description","1.0 keeps volume unchanged. 0.5 is twice quieter, 2.0 is twice louder.","1.0 лишає гучність як є. 0.5 удвічі тихіше, 2.0 удвічі гучніше.","1.0 оставляет громкость как есть. 0.5 делает тише в два раза, 2.0 делает громче в два раза.","1.0 no cambia. 0.5 es mitad, 2.0 es doble.","1.0 non cambia. 0.5 dimezza, 2.0 raddoppia.","1.0 unverändert. 0.5 halb so laut, 2.0 doppelt so laut.","1.0은 그대로, 0.5는 절반, 2.0은 두 배입니다.","1.0 blijft gelijk. 0.5 half zo luid, 2.0 dubbel.","1.0 ne change rien. 0.5 moitié, 2.0 double.","1.0 mantém. 0.5 metade, 2.0 dobro.","1.0 保持不變；0.5 降半，2.0 加倍。","1.0 保持不变；0.5 降半，2.0 加倍。","1.0 bez zmian. 0.5 dwa razy ciszej, 2.0 dwa razy głośniej.","1.0 beze změny. 0.5 poloviční, 2.0 dvojnásobná."
